partner,unit,geo,TIME_PERIOD,OBS_VALUE
TOTAL,GWH,AL,1990,323.0
TOTAL,GWH,AL,1996,150.0
TOTAL,GWH,AL,1997,711.0
TOTAL,GWH,AL,1998,1069.0
TOTAL,GWH,AL,1999,1113.0
TOTAL,GWH,AL,2000,1224.0
TOTAL,GWH,AL,2001,1820.0
TOTAL,GWH,AL,2002,2163.0
TOTAL,GWH,AL,2003,1242.0
TOTAL,GWH,AL,2004,477.0
TOTAL,GWH,AL,2005,371.0
TOTAL,GWH,AL,2006,611.0
TOTAL,GWH,AL,2007,2828.0
TOTAL,GWH,AL,2008,2434.0
TOTAL,GWH,AL,2009,1886.0
TOTAL,GWH,AL,2010,1986.0
TOTAL,GWH,AL,2011,3262.0
TOTAL,GWH,AL,2012,2538.0
TOTAL,GWH,AL,2013,2323.0
TOTAL,GWH,AL,2014,3250.0
TOTAL,GWH,AL,2015,2355.0
TOTAL,GWH,AL,2017,2914.628
TOTAL,GWH,AL,2018,850.48
TOTAL,GWH,AL,2019,3176.515
TOTAL,GWH,AL,2020,3238.631
TOTAL,GWH,AL,2021,2252.0
TOTAL,GWH,AT,1990,6839.0
TOTAL,GWH,AT,1991,8503.0
TOTAL,GWH,AT,1992,9175.0
TOTAL,GWH,AT,1993,8072.0
TOTAL,GWH,AT,1994,8219.0
TOTAL,GWH,AT,1995,7287.0
TOTAL,GWH,AT,1996,9428.0
TOTAL,GWH,AT,1997,9008.0
TOTAL,GWH,AT,1998,10304.0
TOTAL,GWH,AT,1999,11608.0
TOTAL,GWH,AT,2000,13824.0
TOTAL,GWH,AT,2001,14467.0
TOTAL,GWH,AT,2002,15375.0
TOTAL,GWH,AT,2003,19003.0
TOTAL,GWH,AT,2004,16629.0
TOTAL,GWH,AT,2005,20355.431
TOTAL,GWH,AT,2006,20924.826
TOTAL,GWH,AT,2007,21783.088
TOTAL,GWH,AT,2008,19795.314
TOTAL,GWH,AT,2009,19542.064
TOTAL,GWH,AT,2010,19908.697
TOTAL,GWH,AT,2011,24976.711
TOTAL,GWH,AT,2012,23429.715
TOTAL,GWH,AT,2013,24959.57
TOTAL,GWH,AT,2014,26711.723
TOTAL,GWH,AT,2015,29389.163
TOTAL,GWH,AT,2016,26366.16
TOTAL,GWH,AT,2017,29362.427
TOTAL,GWH,AT,2018,28076.136
TOTAL,GWH,AT,2019,26046.847
TOTAL,GWH,AT,2020,24522.492
TOTAL,GWH,AT,2021,26436.192
TOTAL,GWH,BA,2014,3162.0
TOTAL,GWH,BA,2015,3872.0
TOTAL,GWH,BA,2016,3084.0
TOTAL,GWH,BA,2017,3346.0
TOTAL,GWH,BA,2018,3092.0
TOTAL,GWH,BA,2019,2825.0
TOTAL,GWH,BA,2020,3266.0
TOTAL,GWH,BA,2021,3259.0
TOTAL,GWH,BE,1990,4785.0
TOTAL,GWH,BE,1991,4998.0
TOTAL,GWH,BE,1992,5849.0
TOTAL,GWH,BE,1993,7590.0
TOTAL,GWH,BE,1994,9053.0
TOTAL,GWH,BE,1995,9398.0
TOTAL,GWH,BE,1996,9637.0
TOTAL,GWH,BE,1997,9975.0
TOTAL,GWH,BE,1998,7828.0
TOTAL,GWH,BE,1999,9059.0
TOTAL,GWH,BE,2000,11645.0
TOTAL,GWH,BE,2001,15818.0
TOTAL,GWH,BE,2002,16658.0
TOTAL,GWH,BE,2003,14664.0
TOTAL,GWH,BE,2004,14567.0
TOTAL,GWH,BE,2005,14328.0
TOTAL,GWH,BE,2006,18853.0
TOTAL,GWH,BE,2007,15816.0
TOTAL,GWH,BE,2008,17158.0
TOTAL,GWH,BE,2009,9486.0
TOTAL,GWH,BE,2010,12395.0
TOTAL,GWH,BE,2011,13189.0
TOTAL,GWH,BE,2012,16848.0
TOTAL,GWH,BE,2013,17243.0
TOTAL,GWH,BE,2014,21791.0
TOTAL,GWH,BE,2015,23714.0
TOTAL,GWH,BE,2016,14648.0
TOTAL,GWH,BE,2017,14189.4
TOTAL,GWH,BE,2018,21635.9
TOTAL,GWH,BE,2019,12734.4
TOTAL,GWH,BE,2020,13721.9
TOTAL,GWH,BE,2021,15193.6
TOTAL,GWH,BG,1990,5387.0
TOTAL,GWH,BG,1991,3083.0
TOTAL,GWH,BG,1992,3289.0
TOTAL,GWH,BG,1993,1630.0
TOTAL,GWH,BG,1994,1173.0
TOTAL,GWH,BG,1995,1961.0
TOTAL,GWH,BG,1996,1803.0
TOTAL,GWH,BG,1997,785.0
TOTAL,GWH,BG,1998,564.0
TOTAL,GWH,BG,1999,1670.0
TOTAL,GWH,BG,2000,964.0
TOTAL,GWH,BG,2001,1092.0
TOTAL,GWH,BG,2002,2040.0
TOTAL,GWH,BG,2003,1283.0
TOTAL,GWH,BG,2004,741.0
TOTAL,GWH,BG,2005,799.0
TOTAL,GWH,BG,2006,1139.0
TOTAL,GWH,BG,2007,3058.0
TOTAL,GWH,BG,2008,3097.0
TOTAL,GWH,BG,2009,2662.0
TOTAL,GWH,BG,2010,1167.0
TOTAL,GWH,BG,2011,1449.0
TOTAL,GWH,BG,2012,2353.0
TOTAL,GWH,BG,2013,3351.0
TOTAL,GWH,BG,2014,4319.0
TOTAL,GWH,BG,2015,4251.0
TOTAL,GWH,BG,2016,4568.0
TOTAL,GWH,BG,2017,3705.423
TOTAL,GWH,BG,2018,2222.726
TOTAL,GWH,BG,2019,3044.947
TOTAL,GWH,BG,2020,3706.736
TOTAL,GWH,BG,2021,1856.976
TOTAL,GWH,CZ,1990,8179.0
TOTAL,GWH,CZ,1991,7194.0
TOTAL,GWH,CZ,1992,6156.0
TOTAL,GWH,CZ,1993,5952.0
TOTAL,GWH,CZ,1994,5415.0
TOTAL,GWH,CZ,1995,6722.0
TOTAL,GWH,CZ,1996,8811.0
TOTAL,GWH,CZ,1997,9013.0
TOTAL,GWH,CZ,1998,8383.0
TOTAL,GWH,CZ,1999,8983.0
TOTAL,GWH,CZ,2000,8725.0
TOTAL,GWH,CZ,2001,9380.0
TOTAL,GWH,CZ,2002,9502.0
TOTAL,GWH,CZ,2003,10086.0
TOTAL,GWH,CZ,2004,9776.0
TOTAL,GWH,CZ,2005,12351.0
TOTAL,GWH,CZ,2006,11466.0
TOTAL,GWH,CZ,2007,10204.0
TOTAL,GWH,CZ,2008,8520.0
TOTAL,GWH,CZ,2009,8586.0
TOTAL,GWH,CZ,2010,6642.0
TOTAL,GWH,CZ,2011,10457.0
TOTAL,GWH,CZ,2012,11587.0
TOTAL,GWH,CZ,2013,10571.0
TOTAL,GWH,CZ,2014,11842.0
TOTAL,GWH,CZ,2015,16146.0
TOTAL,GWH,CZ,2016,13817.0
TOTAL,GWH,CZ,2017,15071.999
TOTAL,GWH,CZ,2018,11573.41
TOTAL,GWH,CZ,2019,11026.213
TOTAL,GWH,CZ,2020,13368.051
TOTAL,GWH,CZ,2021,15152.981
TOTAL,GWH,DE,1990,31669.0
TOTAL,GWH,DE,1991,30416.0
TOTAL,GWH,DE,1992,28418.0
TOTAL,GWH,DE,1993,33628.0
TOTAL,GWH,DE,1994,35908.0
TOTAL,GWH,DE,1995,39735.0
TOTAL,GWH,DE,1996,37404.0
TOTAL,GWH,DE,1997,38012.0
TOTAL,GWH,DE,1998,38315.0
TOTAL,GWH,DE,1999,40598.0
TOTAL,GWH,DE,2000,45134.0
TOTAL,GWH,DE,2001,45779.0
TOTAL,GWH,DE,2002,48370.0
TOTAL,GWH,DE,2003,49110.0
TOTAL,GWH,DE,2004,48187.0
TOTAL,GWH,DE,2005,56861.0
TOTAL,GWH,DE,2006,48464.0
TOTAL,GWH,DE,2007,45953.0
TOTAL,GWH,DE,2008,41670.0
TOTAL,GWH,DE,2009,41859.0
TOTAL,GWH,DE,2010,42962.0
TOTAL,GWH,DE,2011,51003.0
TOTAL,GWH,DE,2012,46268.0
TOTAL,GWH,DE,2013,39222.0
TOTAL,GWH,DE,2014,40435.0
TOTAL,GWH,DE,2015,37008.0
TOTAL,GWH,DE,2016,28338.0
TOTAL,GWH,DE,2017,27842.0
TOTAL,GWH,DE,2018,31727.0
TOTAL,GWH,DE,2019,40126.0
TOTAL,GWH,DE,2020,47853.0
TOTAL,GWH,DE,2021,51731.0
TOTAL,GWH,DK,1990,11973.0
TOTAL,GWH,DK,1991,3075.0
TOTAL,GWH,DK,1992,8647.0
TOTAL,GWH,DK,1993,6279.0
TOTAL,GWH,DK,1994,1781.0
TOTAL,GWH,DK,1995,4013.0
TOTAL,GWH,DK,1996,3781.0
TOTAL,GWH,DK,1997,3796.0
TOTAL,GWH,DK,1998,3280.0
TOTAL,GWH,DK,1999,4963.0
TOTAL,GWH,DK,2000,8417.0
TOTAL,GWH,DK,2001,8199.0
TOTAL,GWH,DK,2002,8939.0
TOTAL,GWH,DK,2003,7023.0
TOTAL,GWH,DK,2004,8673.0
TOTAL,GWH,DK,2005,12943.0
TOTAL,GWH,DK,2006,6767.0
TOTAL,GWH,DK,2007,10427.0
TOTAL,GWH,DK,2008,12815.0
TOTAL,GWH,DK,2009,11208.0
TOTAL,GWH,DK,2010,10599.0
TOTAL,GWH,DK,2011,11694.0
TOTAL,GWH,DK,2012,15920.0
TOTAL,GWH,DK,2013,11459.0
TOTAL,GWH,DK,2014,12702.0
TOTAL,GWH,DK,2015,15644.747
TOTAL,GWH,DK,2016,14976.458
TOTAL,GWH,DK,2017,15218.109
TOTAL,GWH,DK,2018,15633.609
TOTAL,GWH,DK,2019,15981.899
TOTAL,GWH,DK,2020,18593.972
TOTAL,GWH,DK,2021,20119.85
TOTAL,GWH,EE,1990,1475.0
TOTAL,GWH,EE,1991,2222.0
TOTAL,GWH,EE,1992,254.0
TOTAL,GWH,EE,1993,221.0
TOTAL,GWH,EE,1994,315.0
TOTAL,GWH,EE,1995,245.0
TOTAL,GWH,EE,1996,240.0
TOTAL,GWH,EE,1997,210.0
TOTAL,GWH,EE,1998,138.0
TOTAL,GWH,EE,1999,138.0
TOTAL,GWH,EE,2000,374.0
TOTAL,GWH,EE,2001,496.0
TOTAL,GWH,EE,2002,412.0
TOTAL,GWH,EE,2003,93.0
TOTAL,GWH,EE,2004,347.0
TOTAL,GWH,EE,2005,345.0
TOTAL,GWH,EE,2006,251.0
TOTAL,GWH,EE,2007,345.0
TOTAL,GWH,EE,2008,1369.0
TOTAL,GWH,EE,2009,3025.0
TOTAL,GWH,EE,2010,1100.0
TOTAL,GWH,EE,2011,1690.0
TOTAL,GWH,EE,2012,2710.0
TOTAL,GWH,EE,2013,2712.0
TOTAL,GWH,EE,2014,3730.0
TOTAL,GWH,EE,2015,5452.0
TOTAL,GWH,EE,2016,3577.0
TOTAL,GWH,EE,2017,2281.0
TOTAL,GWH,EE,2018,3053.0
TOTAL,GWH,EE,2019,4861.0
TOTAL,GWH,EE,2020,7367.0
TOTAL,GWH,EE,2021,7332.438
TOTAL,GWH,EL,1990,1330.0
TOTAL,GWH,EL,1991,1498.0
TOTAL,GWH,EL,1992,967.0
TOTAL,GWH,EL,1993,1093.0
TOTAL,GWH,EL,1994,816.0
TOTAL,GWH,EL,1995,1390.0
TOTAL,GWH,EL,1996,2664.0
TOTAL,GWH,EL,1997,3003.0
TOTAL,GWH,EL,1998,2500.0
TOTAL,GWH,EL,1999,1811.0
TOTAL,GWH,EL,2000,1729.0
TOTAL,GWH,EL,2001,3562.0
TOTAL,GWH,EL,2002,4602.0
TOTAL,GWH,EL,2003,4169.0
TOTAL,GWH,EL,2004,4854.0
TOTAL,GWH,EL,2005,5616.0
TOTAL,GWH,EL,2006,6140.0
TOTAL,GWH,EL,2007,6412.0
TOTAL,GWH,EL,2008,7575.0
TOTAL,GWH,EL,2009,7600.0
TOTAL,GWH,EL,2010,8517.0
TOTAL,GWH,EL,2011,7180.0
TOTAL,GWH,EL,2012,5954.0
TOTAL,GWH,EL,2013,5788.0
TOTAL,GWH,EL,2014,9461.0
TOTAL,GWH,EL,2015,11081.0
TOTAL,GWH,EL,2016,9833.0
TOTAL,GWH,EL,2017,8696.0
TOTAL,GWH,EL,2018,8550.0
TOTAL,GWH,EL,2019,11067.0
TOTAL,GWH,EL,2020,9831.0
TOTAL,GWH,EL,2021,7581.0
TOTAL,GWH,ES,1990,3208.0
TOTAL,GWH,ES,1991,3083.0
TOTAL,GWH,ES,1992,4351.0
TOTAL,GWH,ES,1993,4606.0
TOTAL,GWH,ES,1994,5106.0
TOTAL,GWH,ES,1995,7633.0
TOTAL,GWH,ES,1996,6750.0
TOTAL,GWH,ES,1997,4597.0
TOTAL,GWH,ES,1998,8964.0
TOTAL,GWH,ES,1999,11959.0
TOTAL,GWH,ES,2000,12268.0
TOTAL,GWH,ES,2001,10177.0
TOTAL,GWH,ES,2002,12504.0
TOTAL,GWH,ES,2003,9520.0
TOTAL,GWH,ES,2004,8111.0
TOTAL,GWH,ES,2005,10212.0
TOTAL,GWH,ES,2006,9093.0
TOTAL,GWH,ES,2007,8773.0
TOTAL,GWH,ES,2008,5881.0
TOTAL,GWH,ES,2009,6751.0
TOTAL,GWH,ES,2010,5206.0
TOTAL,GWH,ES,2011,7932.0
TOTAL,GWH,ES,2012,7787.0
TOTAL,GWH,ES,2013,9887.0
TOTAL,GWH,ES,2014,12310.0
TOTAL,GWH,ES,2015,14956.0
TOTAL,GWH,ES,2016,21845.0
TOTAL,GWH,ES,2017,23762.0
TOTAL,GWH,ES,2018,24018.0
TOTAL,GWH,ES,2019,18720.84
TOTAL,GWH,ES,2020,17928.364
TOTAL,GWH,ES,2021,17411.223
TOTAL,GWH,FI,1990,11007.0
TOTAL,GWH,FI,1991,7931.0
TOTAL,GWH,FI,1992,9067.0
TOTAL,GWH,FI,1993,8013.0
TOTAL,GWH,FI,1994,7171.0
TOTAL,GWH,FI,1995,8501.0
TOTAL,GWH,FI,1996,5367.0
TOTAL,GWH,FI,1997,8103.0
TOTAL,GWH,FI,1998,9582.0
TOTAL,GWH,FI,1999,11356.0
TOTAL,GWH,FI,2000,12206.0
TOTAL,GWH,FI,2001,11769.0
TOTAL,GWH,FI,2002,13464.0
TOTAL,GWH,FI,2003,11882.0
TOTAL,GWH,FI,2004,11667.0
TOTAL,GWH,FI,2005,17948.0
TOTAL,GWH,FI,2006,14118.0
TOTAL,GWH,FI,2007,15419.0
TOTAL,GWH,FI,2008,16107.0
TOTAL,GWH,FI,2009,15460.0
TOTAL,GWH,FI,2010,15719.0
TOTAL,GWH,FI,2011,17656.0
TOTAL,GWH,FI,2012,19089.0
TOTAL,GWH,FI,2013,17591.0
TOTAL,GWH,FI,2014,21622.0
TOTAL,GWH,FI,2015,21459.0
TOTAL,GWH,FI,2016,22110.0
TOTAL,GWH,FI,2017,22204.0
TOTAL,GWH,FI,2018,22548.0
TOTAL,GWH,FI,2019,23938.0
TOTAL,GWH,FI,2020,21774.0
TOTAL,GWH,FI,2021,24492.0
TOTAL,GWH,FR,1990,6674.0
TOTAL,GWH,FR,1991,5516.0
TOTAL,GWH,FR,1992,4737.0
TOTAL,GWH,FR,1993,3663.0
TOTAL,GWH,FR,1994,3718.0
TOTAL,GWH,FR,1995,2860.0
TOTAL,GWH,FR,1996,3617.0
TOTAL,GWH,FR,1997,4238.0
TOTAL,GWH,FR,1998,4590.0
TOTAL,GWH,FR,1999,4965.0
TOTAL,GWH,FR,2000,3695.0
TOTAL,GWH,FR,2001,4471.0
TOTAL,GWH,FR,2002,3705.0
TOTAL,GWH,FR,2003,6959.0
TOTAL,GWH,FR,2004,6571.0
TOTAL,GWH,FR,2005,8062.0
TOTAL,GWH,FR,2006,8522.0
TOTAL,GWH,FR,2007,10782.0
TOTAL,GWH,FR,2008,10748.0
TOTAL,GWH,FR,2009,18517.0
TOTAL,GWH,FR,2010,19475.0
TOTAL,GWH,FR,2011,9501.0
TOTAL,GWH,FR,2012,12213.0
TOTAL,GWH,FR,2013,11687.0
TOTAL,GWH,FR,2014,7873.0
TOTAL,GWH,FR,2015,9961.0
TOTAL,GWH,FR,2016,19903.0
TOTAL,GWH,FR,2017,21119.18
TOTAL,GWH,FR,2018,13512.09
TOTAL,GWH,FR,2019,15631.75
TOTAL,GWH,FR,2020,19536.102
TOTAL,GWH,FR,2021,24334.451
TOTAL,GWH,GE,2013,484.0
TOTAL,GWH,GE,2014,853.0
TOTAL,GWH,GE,2015,699.0
TOTAL,GWH,GE,2016,1329.0
TOTAL,GWH,GE,2017,1751.2
TOTAL,GWH,GE,2018,1522.2
TOTAL,GWH,GE,2019,1762.7
TOTAL,GWH,GE,2020,1711.9
TOTAL,GWH,GE,2021,3189.9
TOTAL,GWH,HR,1990,7522.0
TOTAL,GWH,HR,1991,6068.0
TOTAL,GWH,HR,1992,3419.0
TOTAL,GWH,HR,1993,3583.0
TOTAL,GWH,HR,1994,4547.0
TOTAL,GWH,HR,1995,4382.0
TOTAL,GWH,HR,1996,3960.0
TOTAL,GWH,HR,1997,4608.0
TOTAL,GWH,HR,1998,3783.0
TOTAL,GWH,HR,1999,2956.0
TOTAL,GWH,HR,2000,4386.0
TOTAL,GWH,HR,2001,3744.0
TOTAL,GWH,HR,2002,3927.0
TOTAL,GWH,HR,2003,4479.0
TOTAL,GWH,HR,2004,5298.0
TOTAL,GWH,HR,2005,8746.0
TOTAL,GWH,HR,2006,8313.0
TOTAL,GWH,HR,2007,7812.0
TOTAL,GWH,HR,2008,12254.0
TOTAL,GWH,HR,2009,11892.0
TOTAL,GWH,HR,2010,12415.0
TOTAL,GWH,HR,2011,13985.0
TOTAL,GWH,HR,2012,13174.0
TOTAL,GWH,HR,2013,11260.0
TOTAL,GWH,HR,2014,10898.0
TOTAL,GWH,HR,2015,13158.0
TOTAL,GWH,HR,2016,12398.0
TOTAL,GWH,HR,2017,12157.9
TOTAL,GWH,HR,2018,12693.4
TOTAL,GWH,HR,2019,11400.8
TOTAL,GWH,HR,2020,10491.0
TOTAL,GWH,HR,2021,11504.7
TOTAL,GWH,HU,1990,13299.0
TOTAL,GWH,HU,1991,8410.0
TOTAL,GWH,HU,1992,4988.0
TOTAL,GWH,HU,1993,4093.0
TOTAL,GWH,HU,1994,2954.0
TOTAL,GWH,HU,1995,3210.0
TOTAL,GWH,HU,1996,3473.0
TOTAL,GWH,HU,1997,4410.0
TOTAL,GWH,HU,1998,3354.0
TOTAL,GWH,HU,1999,4349.0
TOTAL,GWH,HU,2000,9523.0
TOTAL,GWH,HU,2001,10403.0
TOTAL,GWH,HU,2002,12605.0
TOTAL,GWH,HU,2003,14077.0
TOTAL,GWH,HU,2004,10524.0
TOTAL,GWH,HU,2005,15637.0
TOTAL,GWH,HU,2006,15393.0
TOTAL,GWH,HU,2007,14680.0
TOTAL,GWH,HU,2008,12774.0
TOTAL,GWH,HU,2009,10972.0
TOTAL,GWH,HU,2010,9897.0
TOTAL,GWH,HU,2011,14664.0
TOTAL,GWH,HU,2012,16970.0
TOTAL,GWH,HU,2013,16635.0
TOTAL,GWH,HU,2014,19079.0
TOTAL,GWH,HU,2015,19935.0
TOTAL,GWH,HU,2016,17951.0
TOTAL,GWH,HU,2017,19803.0
TOTAL,GWH,HU,2018,18613.0
TOTAL,GWH,HU,2019,19853.0
TOTAL,GWH,HU,2020,19176.0
TOTAL,GWH,HU,2021,19967.0
TOTAL,GWH,IE,1995,20.0
TOTAL,GWH,IE,1996,53.0
TOTAL,GWH,IE,1997,64.0
TOTAL,GWH,IE,1998,152.0
TOTAL,GWH,IE,1999,290.0
TOTAL,GWH,IE,2000,169.0
TOTAL,GWH,IE,2001,38.0
TOTAL,GWH,IE,2002,565.0
TOTAL,GWH,IE,2003,1176.0
TOTAL,GWH,IE,2004,1574.0
TOTAL,GWH,IE,2005,2045.41
TOTAL,GWH,IE,2006,1786.907
TOTAL,GWH,IE,2007,1412.404
TOTAL,GWH,IE,2008,753.031
TOTAL,GWH,IE,2009,939.217
TOTAL,GWH,IE,2010,759.887
TOTAL,GWH,IE,2011,731.622
TOTAL,GWH,IE,2012,783.605
TOTAL,GWH,IE,2013,2625.164
TOTAL,GWH,IE,2014,2853.015
TOTAL,GWH,IE,2015,1751.975
TOTAL,GWH,IE,2016,871.263
TOTAL,GWH,IE,2017,1116.408
TOTAL,GWH,IE,2018,1621.519
TOTAL,GWH,IE,2019,2179.579
TOTAL,GWH,IE,2020,1761.112
TOTAL,GWH,IE,2021,2450.715
TOTAL,GWH,IT,1990,35577.0
TOTAL,GWH,IT,1991,35454.0
TOTAL,GWH,IT,1992,35947.0
TOTAL,GWH,IT,1993,40109.0
TOTAL,GWH,IT,1994,38695.0
TOTAL,GWH,IT,1995,38662.0
TOTAL,GWH,IT,1996,38149.0
TOTAL,GWH,IT,1997,39827.0
TOTAL,GWH,IT,1998,41633.0
TOTAL,GWH,IT,1999,42538.0
TOTAL,GWH,IT,2000,44831.0
TOTAL,GWH,IT,2001,48926.0
TOTAL,GWH,IT,2002,51519.0
TOTAL,GWH,IT,2003,51486.0
TOTAL,GWH,IT,2004,46426.0
TOTAL,GWH,IT,2005,50264.0
TOTAL,GWH,IT,2006,46596.0
TOTAL,GWH,IT,2007,48931.0
TOTAL,GWH,IT,2008,43433.0
TOTAL,GWH,IT,2009,47070.0
TOTAL,GWH,IT,2010,45987.0
TOTAL,GWH,IT,2011,47519.0
TOTAL,GWH,IT,2012,45407.0
TOTAL,GWH,IT,2013,44338.0
TOTAL,GWH,IT,2014,46747.0
TOTAL,GWH,IT,2015,50849.0
TOTAL,GWH,IT,2016,43181.0
TOTAL,GWH,IT,2017,42894.881
TOTAL,GWH,IT,2018,47170.204
TOTAL,GWH,IT,2019,43974.94
TOTAL,GWH,IT,2020,39789.94
TOTAL,GWH,IT,2021,46571.698
TOTAL,GWH,LI,2014,355.0
TOTAL,GWH,LI,2015,325.0
TOTAL,GWH,LI,2016,309.0
TOTAL,GWH,LI,2017,314.0
TOTAL,GWH,LI,2018,321.0
TOTAL,GWH,LI,2019,307.0
TOTAL,GWH,LI,2020,299.0
TOTAL,GWH,LI,2021,311.0
TOTAL,GWH,LT,1990,4538.0
TOTAL,GWH,LT,1991,3725.0
TOTAL,GWH,LT,1992,5338.0
TOTAL,GWH,LT,1993,5736.0
TOTAL,GWH,LT,1994,7114.0
TOTAL,GWH,LT,1995,5270.0
TOTAL,GWH,LT,1996,4182.0
TOTAL,GWH,LT,1997,4524.0
TOTAL,GWH,LT,1998,4572.0
TOTAL,GWH,LT,1999,4893.0
TOTAL,GWH,LT,2000,5150.0
TOTAL,GWH,LT,2001,4442.0
TOTAL,GWH,LT,2002,4532.0
TOTAL,GWH,LT,2003,4144.0
TOTAL,GWH,LT,2004,4293.0
TOTAL,GWH,LT,2005,5641.0
TOTAL,GWH,LT,2006,5812.0
TOTAL,GWH,LT,2007,5846.0
TOTAL,GWH,LT,2008,5649.0
TOTAL,GWH,LT,2009,4783.0
TOTAL,GWH,LT,2010,8174.0
TOTAL,GWH,LT,2011,8086.0
TOTAL,GWH,LT,2012,8060.0
TOTAL,GWH,LT,2013,8073.0
TOTAL,GWH,LT,2014,8521.0
TOTAL,GWH,LT,2015,7938.0
TOTAL,GWH,LT,2016,11106.0
TOTAL,GWH,LT,2017,11926.2
TOTAL,GWH,LT,2018,12847.5
TOTAL,GWH,LT,2019,13267.9
TOTAL,GWH,LT,2020,12013.4
TOTAL,GWH,LT,2021,12478.9
TOTAL,GWH,LU,1990,4678.0
TOTAL,GWH,LU,1991,4853.0
TOTAL,GWH,LU,1992,4511.0
TOTAL,GWH,LU,1993,4445.0
TOTAL,GWH,LU,1994,5019.0
TOTAL,GWH,LU,1995,5746.0
TOTAL,GWH,LU,1996,5712.0
TOTAL,GWH,LU,1997,6032.0
TOTAL,GWH,LU,1998,6338.0
TOTAL,GWH,LU,1999,6212.0
TOTAL,GWH,LU,2000,6445.378
TOTAL,GWH,LU,2001,6383.25
TOTAL,GWH,LU,2002,6413.643
TOTAL,GWH,LU,2003,6562.176
TOTAL,GWH,LU,2004,6506.31
TOTAL,GWH,LU,2005,6391.607
TOTAL,GWH,LU,2006,6823.539
TOTAL,GWH,LU,2007,6846.58
TOTAL,GWH,LU,2008,6829.873
TOTAL,GWH,LU,2009,6022.472
TOTAL,GWH,LU,2010,7279.51
TOTAL,GWH,LU,2011,7096.34
TOTAL,GWH,LU,2012,6732.098
TOTAL,GWH,LU,2013,6851.524
TOTAL,GWH,LU,2014,6961.176
TOTAL,GWH,LU,2015,7518.755
TOTAL,GWH,LU,2016,7718.393
TOTAL,GWH,LU,2017,7566.69
TOTAL,GWH,LU,2018,7553.012
TOTAL,GWH,LU,2019,6817.52
TOTAL,GWH,LU,2020,6543.493
TOTAL,GWH,LU,2021,6758.47
TOTAL,GWH,LV,1990,7139.0
TOTAL,GWH,LV,1991,4227.0
TOTAL,GWH,LV,1992,4080.0
TOTAL,GWH,LV,1993,2672.0
TOTAL,GWH,LV,1994,2648.0
TOTAL,GWH,LV,1995,2647.0
TOTAL,GWH,LV,1996,3438.0
TOTAL,GWH,LV,1997,1824.0
TOTAL,GWH,LV,1998,914.0
TOTAL,GWH,LV,1999,2597.0
TOTAL,GWH,LV,2000,2108.0
TOTAL,GWH,LV,2001,2340.0
TOTAL,GWH,LV,2002,2838.0
TOTAL,GWH,LV,2003,2671.0
TOTAL,GWH,LV,2004,2733.0
TOTAL,GWH,LV,2005,2855.0
TOTAL,GWH,LV,2006,2810.0
TOTAL,GWH,LV,2007,4964.0
TOTAL,GWH,LV,2008,4643.0
TOTAL,GWH,LV,2009,4259.0
TOTAL,GWH,LV,2010,3973.0
TOTAL,GWH,LV,2011,4009.0
TOTAL,GWH,LV,2012,4935.0
TOTAL,GWH,LV,2013,5005.0
TOTAL,GWH,LV,2014,5340.0
TOTAL,GWH,LV,2015,5246.0
TOTAL,GWH,LV,2016,4828.0
TOTAL,GWH,LV,2017,4072.912
TOTAL,GWH,LV,2018,5173.682
TOTAL,GWH,LV,2019,4610.761
TOTAL,GWH,LV,2020,4173.365
TOTAL,GWH,LV,2021,4666.37
TOTAL,GWH,MD,2010,3033.0
TOTAL,GWH,MD,2011,3146.0
TOTAL,GWH,MD,2012,3279.0
TOTAL,GWH,MD,2013,3332.0
TOTAL,GWH,MD,2014,3342.0
TOTAL,GWH,MD,2015,3315.0
TOTAL,GWH,MD,2016,3325.0
TOTAL,GWH,MD,2017,3412.0
TOTAL,GWH,MD,2018,3500.0
TOTAL,GWH,MD,2019,3501.0
TOTAL,GWH,MD,2020,3418.0
TOTAL,GWH,MD,2021,3607.0
TOTAL,GWH,ME,2005,1834.0
TOTAL,GWH,ME,2006,1938.0
TOTAL,GWH,ME,2007,2695.0
TOTAL,GWH,ME,2008,1884.0
TOTAL,GWH,ME,2009,1227.0
TOTAL,GWH,ME,2010,732.0
TOTAL,GWH,ME,2011,1993.0
TOTAL,GWH,ME,2012,1440.0
TOTAL,GWH,ME,2013,388.0
TOTAL,GWH,ME,2014,903.0
TOTAL,GWH,ME,2015,1040.0
TOTAL,GWH,ME,2016,1210.0
TOTAL,GWH,ME,2017,1536.9
TOTAL,GWH,ME,2018,780.0
TOTAL,GWH,ME,2019,1195.5
TOTAL,GWH,ME,2020,5943.0
TOTAL,GWH,ME,2021,5318.0
TOTAL,GWH,MK,1990,511.0
TOTAL,GWH,MK,1991,523.0
TOTAL,GWH,MK,1992,483.0
TOTAL,GWH,MK,1993,623.0
TOTAL,GWH,MK,1994,73.0
TOTAL,GWH,MK,1995,117.0
TOTAL,GWH,MK,1997,72.0
TOTAL,GWH,MK,2000,112.0
TOTAL,GWH,MK,2001,431.0
TOTAL,GWH,MK,2002,791.0
TOTAL,GWH,MK,2003,953.0
TOTAL,GWH,MK,2004,1176.0
TOTAL,GWH,MK,2005,1599.0
TOTAL,GWH,MK,2006,1795.0
TOTAL,GWH,MK,2007,2491.0
TOTAL,GWH,MK,2008,2733.0
TOTAL,GWH,MK,2009,1438.0
TOTAL,GWH,MK,2010,1420.0
TOTAL,GWH,MK,2011,2749.0
TOTAL,GWH,MK,2012,2741.0
TOTAL,GWH,MK,2013,2491.0
TOTAL,GWH,MK,2014,3073.0
TOTAL,GWH,MK,2015,2656.0
TOTAL,GWH,MK,2016,2190.606
TOTAL,GWH,MK,2017,2293.571
TOTAL,GWH,MK,2018,2297.169
TOTAL,GWH,MK,2019,6881.885
TOTAL,GWH,MK,2020,6734.399
TOTAL,GWH,MK,2021,7407.323
TOTAL,GWH,MT,2015,1054.0
TOTAL,GWH,MT,2016,1526.688
TOTAL,GWH,MT,2017,897.066
TOTAL,GWH,MT,2018,631.293
TOTAL,GWH,MT,2019,656.756
TOTAL,GWH,MT,2020,419.81
TOTAL,GWH,MT,2021,547.25
TOTAL,GWH,NL,1990,9679.0
TOTAL,GWH,NL,1991,9778.0
TOTAL,GWH,NL,1992,8906.0
TOTAL,GWH,NL,1993,10572.0
TOTAL,GWH,NL,1994,10850.0
TOTAL,GWH,NL,1995,11979.0
TOTAL,GWH,NL,1996,11288.0
TOTAL,GWH,NL,1997,13107.0
TOTAL,GWH,NL,1998,12234.0
TOTAL,GWH,NL,1999,22408.0
TOTAL,GWH,NL,2000,22946.0
TOTAL,GWH,NL,2001,21492.0
TOTAL,GWH,NL,2002,20870.0
TOTAL,GWH,NL,2003,20801.0
TOTAL,GWH,NL,2004,21405.0
TOTAL,GWH,NL,2005,23691.0
TOTAL,GWH,NL,2006,27346.0
TOTAL,GWH,NL,2007,23089.0
TOTAL,GWH,NL,2008,24967.0
TOTAL,GWH,NL,2009,15452.0
TOTAL,GWH,NL,2010,15583.0
TOTAL,GWH,NL,2011,20620.0
TOTAL,GWH,NL,2012,32156.0
TOTAL,GWH,NL,2013,33252.0
TOTAL,GWH,NL,2014,32855.0
TOTAL,GWH,NL,2015,30760.009
TOTAL,GWH,NL,2016,24257.626
TOTAL,GWH,NL,2017,22457.715
TOTAL,GWH,NL,2018,26754.59
TOTAL,GWH,NL,2019,20402.855
TOTAL,GWH,NL,2020,19773.283
TOTAL,GWH,NL,2021,20885.396
TOTAL,GWH,NO,1990,334.0
TOTAL,GWH,NO,1991,3274.0
TOTAL,GWH,NO,1992,1379.0
TOTAL,GWH,NO,1993,594.0
TOTAL,GWH,NO,1994,4836.0
TOTAL,GWH,NO,1995,2301.0
TOTAL,GWH,NO,1996,13212.0
TOTAL,GWH,NO,1997,8692.0
TOTAL,GWH,NO,1998,8046.0
TOTAL,GWH,NO,1999,6856.0
TOTAL,GWH,NO,2000,1474.0
TOTAL,GWH,NO,2001,10745.0
TOTAL,GWH,NO,2002,5335.0
TOTAL,GWH,NO,2003,13422.0
TOTAL,GWH,NO,2004,15309.0
TOTAL,GWH,NO,2005,3653.0
TOTAL,GWH,NO,2006,9801.0
TOTAL,GWH,NO,2007,5285.0
TOTAL,GWH,NO,2008,3412.0
TOTAL,GWH,NO,2009,5651.0
TOTAL,GWH,NO,2010,14673.0
TOTAL,GWH,NO,2011,11254.0
TOTAL,GWH,NO,2012,4191.0
TOTAL,GWH,NO,2013,10135.0
TOTAL,GWH,NO,2014,6347.0
TOTAL,GWH,NO,2015,7371.0
TOTAL,GWH,NO,2016,5740.0
TOTAL,GWH,NO,2017,6111.0
TOTAL,GWH,NO,2018,8339.724
TOTAL,GWH,NO,2019,12353.0
TOTAL,GWH,NO,2020,4496.145
TOTAL,GWH,NO,2021,8235.069
TOTAL,GWH,PL,1990,10437.0
TOTAL,GWH,PL,1991,6708.0
TOTAL,GWH,PL,1992,5034.0
TOTAL,GWH,PL,1993,5600.0
TOTAL,GWH,PL,1994,4563.0
TOTAL,GWH,PL,1995,4356.0
TOTAL,GWH,PL,1996,4801.0
TOTAL,GWH,PL,1997,5357.0
TOTAL,GWH,PL,1998,4608.0
TOTAL,GWH,PL,1999,3491.0
TOTAL,GWH,PL,2000,3290.0
TOTAL,GWH,PL,2001,4306.0
TOTAL,GWH,PL,2002,4469.0
TOTAL,GWH,PL,2003,4985.0
TOTAL,GWH,PL,2004,5312.0
TOTAL,GWH,PL,2005,5002.0
TOTAL,GWH,PL,2006,4789.0
TOTAL,GWH,PL,2007,7761.0
TOTAL,GWH,PL,2008,9034.0
TOTAL,GWH,PL,2009,7403.0
TOTAL,GWH,PL,2010,6310.0
TOTAL,GWH,PL,2011,6780.0
TOTAL,GWH,PL,2012,9803.0
TOTAL,GWH,PL,2013,7801.0
TOTAL,GWH,PL,2014,13508.0
TOTAL,GWH,PL,2015,14459.0
TOTAL,GWH,PL,2016,14017.0
TOTAL,GWH,PL,2017,13271.0
TOTAL,GWH,PL,2018,13815.804
TOTAL,GWH,PL,2019,17868.327
TOTAL,GWH,PL,2020,20624.119
TOTAL,GWH,PL,2021,15099.836
TOTAL,GWH,PT,1990,1733.0
TOTAL,GWH,PT,1991,1712.0
TOTAL,GWH,PT,1992,2538.0
TOTAL,GWH,PT,1993,2077.0
TOTAL,GWH,PT,1994,2257.0
TOTAL,GWH,PT,1995,2655.0
TOTAL,GWH,PT,1996,4116.0
TOTAL,GWH,PT,1997,5376.0
TOTAL,GWH,PT,1998,3974.0
TOTAL,GWH,PT,1999,3628.0
TOTAL,GWH,PT,2000,4698.0
TOTAL,GWH,PT,2001,3741.0
TOTAL,GWH,PT,2002,5329.0
TOTAL,GWH,PT,2003,5898.0
TOTAL,GWH,PT,2004,8612.0
TOTAL,GWH,PT,2005,9626.0
TOTAL,GWH,PT,2006,8624.0
TOTAL,GWH,PT,2007,9641.0
TOTAL,GWH,PT,2008,10744.0
TOTAL,GWH,PT,2009,7598.0
TOTAL,GWH,PT,2010,5814.0
TOTAL,GWH,PT,2011,6742.0
TOTAL,GWH,PT,2012,10766.0
TOTAL,GWH,PT,2013,8100.0
TOTAL,GWH,PT,2014,7247.0
TOTAL,GWH,PT,2015,8077.0
TOTAL,GWH,PT,2016,4616.0
TOTAL,GWH,PT,2017,5505.732
TOTAL,GWH,PT,2018,5667.568
TOTAL,GWH,PT,2019,8099.208
TOTAL,GWH,PT,2020,7553.113
TOTAL,GWH,PT,2021,9544.418
TOTAL,GWH,RO,1990,9476.0
TOTAL,GWH,RO,1991,7047.0
TOTAL,GWH,RO,1992,4421.0
TOTAL,GWH,RO,1993,2991.0
TOTAL,GWH,RO,1994,1790.0
TOTAL,GWH,RO,1995,755.0
TOTAL,GWH,RO,1996,2242.0
TOTAL,GWH,RO,1997,777.0
TOTAL,GWH,RO,1998,724.0
TOTAL,GWH,RO,1999,1103.0
TOTAL,GWH,RO,2000,774.0
TOTAL,GWH,RO,2001,767.0
TOTAL,GWH,RO,2002,436.0
TOTAL,GWH,RO,2003,962.0
TOTAL,GWH,RO,2004,2584.0
TOTAL,GWH,RO,2005,2321.0
TOTAL,GWH,RO,2006,989.0
TOTAL,GWH,RO,2007,1269.0
TOTAL,GWH,RO,2008,921.0
TOTAL,GWH,RO,2009,651.0
TOTAL,GWH,RO,2010,767.0
TOTAL,GWH,RO,2011,3410.0
TOTAL,GWH,RO,2012,3903.0
TOTAL,GWH,RO,2013,2737.0
TOTAL,GWH,RO,2014,2811.0
TOTAL,GWH,RO,2015,4492.0
TOTAL,GWH,RO,2016,4177.0
TOTAL,GWH,RO,2017,4841.754
TOTAL,GWH,RO,2018,3696.594
TOTAL,GWH,RO,2019,5492.633
TOTAL,GWH,RO,2020,8251.648
TOTAL,GWH,RO,2021,8697.204
TOTAL,GWH,RS,1990,392.0
TOTAL,GWH,RS,1991,235.0
TOTAL,GWH,RS,1995,998.0
TOTAL,GWH,RS,1996,5944.0
TOTAL,GWH,RS,1997,2817.0
TOTAL,GWH,RS,1998,2518.0
TOTAL,GWH,RS,1999,3290.0
TOTAL,GWH,RS,2000,4870.0
TOTAL,GWH,RS,2001,5670.0
TOTAL,GWH,RS,2002,6780.0
TOTAL,GWH,RS,2003,4576.0
TOTAL,GWH,RS,2004,5975.0
TOTAL,GWH,RS,2005,6751.0
TOTAL,GWH,RS,2006,8567.0
TOTAL,GWH,RS,2007,9106.0
TOTAL,GWH,RS,2008,8875.0
TOTAL,GWH,RS,2009,5184.0
TOTAL,GWH,RS,2010,5620.0
TOTAL,GWH,RS,2011,6701.0
TOTAL,GWH,RS,2012,5781.0
TOTAL,GWH,RS,2013,4077.0
TOTAL,GWH,RS,2014,7008.0
TOTAL,GWH,RS,2015,6303.0
TOTAL,GWH,RS,2016,5068.0
TOTAL,GWH,RS,2017,6549.189
TOTAL,GWH,RS,2018,6400.007
TOTAL,GWH,RS,2019,5416.609
TOTAL,GWH,RS,2020,5069.528
TOTAL,GWH,RS,2021,6984.008
TOTAL,GWH,SE,1990,12909.0
TOTAL,GWH,SE,1991,6225.0
TOTAL,GWH,SE,1992,8847.0
TOTAL,GWH,SE,1993,7978.0
TOTAL,GWH,SE,1994,6681.0
TOTAL,GWH,SE,1995,7720.0
TOTAL,GWH,SE,1996,15885.0
TOTAL,GWH,SE,1997,10252.0
TOTAL,GWH,SE,1998,6102.0
TOTAL,GWH,SE,1999,8456.0
TOTAL,GWH,SE,2000,18308.0
TOTAL,GWH,SE,2001,11164.0
TOTAL,GWH,SE,2002,20110.0
TOTAL,GWH,SE,2003,24287.0
TOTAL,GWH,SE,2004,15646.0
TOTAL,GWH,SE,2005,14576.0
TOTAL,GWH,SE,2006,17537.0
TOTAL,GWH,SE,2007,16052.0
TOTAL,GWH,SE,2008,12754.0
TOTAL,GWH,SE,2009,13765.0
TOTAL,GWH,SE,2010,14931.0
TOTAL,GWH,SE,2011,12481.0
TOTAL,GWH,SE,2012,11682.0
TOTAL,GWH,SE,2013,12674.0
TOTAL,GWH,SE,2014,13852.0
TOTAL,GWH,SE,2015,9294.0
TOTAL,GWH,SE,2016,14287.0
TOTAL,GWH,SE,2017,11896.0
TOTAL,GWH,SE,2018,12202.0
TOTAL,GWH,SE,2019,9070.0
TOTAL,GWH,SE,2020,11827.0
TOTAL,GWH,SE,2021,8341.0
TOTAL,GWH,SI,1990,1716.0
TOTAL,GWH,SI,1991,1138.0
TOTAL,GWH,SI,1992,329.0
TOTAL,GWH,SI,1993,706.0
TOTAL,GWH,SI,1994,448.0
TOTAL,GWH,SI,1995,740.0
TOTAL,GWH,SI,1996,855.0
TOTAL,GWH,SI,1997,824.0
TOTAL,GWH,SI,1998,711.0
TOTAL,GWH,SI,1999,596.0
TOTAL,GWH,SI,2000,4232.0
TOTAL,GWH,SI,2001,3154.0
TOTAL,GWH,SI,2002,3794.0
TOTAL,GWH,SI,2003,5975.0
TOTAL,GWH,SI,2004,7433.0
TOTAL,GWH,SI,2005,9342.0
TOTAL,GWH,SI,2006,7706.0
TOTAL,GWH,SI,2007,6106.0
TOTAL,GWH,SI,2008,6225.0
TOTAL,GWH,SI,2009,7780.0
TOTAL,GWH,SI,2010,8625.0
TOTAL,GWH,SI,2011,7036.0
TOTAL,GWH,SI,2012,7452.0
TOTAL,GWH,SI,2013,7521.0
TOTAL,GWH,SI,2014,7254.0
TOTAL,GWH,SI,2015,9045.0
TOTAL,GWH,SI,2016,8359.0
TOTAL,GWH,SI,2017,9132.532
TOTAL,GWH,SI,2018,8930.239
TOTAL,GWH,SI,2019,9021.273
TOTAL,GWH,SI,2020,7119.95
TOTAL,GWH,SI,2021,8387.153
TOTAL,GWH,SK,1990,7255.0
TOTAL,GWH,SK,1991,6061.0
TOTAL,GWH,SK,1992,5995.0
TOTAL,GWH,SK,1993,4297.0
TOTAL,GWH,SK,1994,2807.0
TOTAL,GWH,SK,1995,3448.0
TOTAL,GWH,SK,1996,5875.0
TOTAL,GWH,SK,1997,6798.0
TOTAL,GWH,SK,1998,4381.0
TOTAL,GWH,SK,1999,3738.0
TOTAL,GWH,SK,2000,5951.0
TOTAL,GWH,SK,2001,6065.0
TOTAL,GWH,SK,2002,6710.0
TOTAL,GWH,SK,2003,8623.0
TOTAL,GWH,SK,2004,8731.0
TOTAL,GWH,SK,2005,8005.0
TOTAL,GWH,SK,2006,8590.0
TOTAL,GWH,SK,2007,13580.0
TOTAL,GWH,SK,2008,9412.0
TOTAL,GWH,SK,2009,8994.0
TOTAL,GWH,SK,2010,7334.0
TOTAL,GWH,SK,2011,11227.0
TOTAL,GWH,SK,2012,13472.0
TOTAL,GWH,SK,2013,10719.0
TOTAL,GWH,SK,2014,12964.0
TOTAL,GWH,SK,2015,14999.0
TOTAL,GWH,SK,2016,13249.0
TOTAL,GWH,SK,2017,15563.0
TOTAL,GWH,SK,2018,12428.0
TOTAL,GWH,SK,2019,13538.0
TOTAL,GWH,SK,2020,13289.0
TOTAL,GWH,SK,2021,13884.0
TOTAL,GWH,TR,1990,176.0
TOTAL,GWH,TR,1991,759.0
TOTAL,GWH,TR,1992,189.0
TOTAL,GWH,TR,1993,213.0
TOTAL,GWH,TR,1994,31.0
TOTAL,GWH,TR,1996,270.0
TOTAL,GWH,TR,1997,2492.0
TOTAL,GWH,TR,1998,3298.0
TOTAL,GWH,TR,1999,2330.0
TOTAL,GWH,TR,2000,3791.0
TOTAL,GWH,TR,2001,4579.0
TOTAL,GWH,TR,2002,3588.0
TOTAL,GWH,TR,2003,1158.0
TOTAL,GWH,TR,2004,463.0
TOTAL,GWH,TR,2005,636.0
TOTAL,GWH,TR,2006,573.0
TOTAL,GWH,TR,2007,864.0
TOTAL,GWH,TR,2008,789.0
TOTAL,GWH,TR,2009,812.0
TOTAL,GWH,TR,2010,1144.0
TOTAL,GWH,TR,2011,4556.0
TOTAL,GWH,TR,2012,5827.0
TOTAL,GWH,TR,2013,7429.0
TOTAL,GWH,TR,2014,7953.0
TOTAL,GWH,TR,2015,7136.0
TOTAL,GWH,TR,2016,6330.0
TOTAL,GWH,TR,2017,2728.268
TOTAL,GWH,TR,2018,2476.887
TOTAL,GWH,TR,2019,2211.506
TOTAL,GWH,TR,2020,1889.521
TOTAL,GWH,TR,2021,2334.453
TOTAL,GWH,UA,1990,15401.0
TOTAL,GWH,UA,1991,18317.0
TOTAL,GWH,UA,1992,15417.0
TOTAL,GWH,UA,1993,15773.0
TOTAL,GWH,UA,1994,12378.0
TOTAL,GWH,UA,1995,9726.0
TOTAL,GWH,UA,1996,4166.0
TOTAL,GWH,UA,1997,9719.0
TOTAL,GWH,UA,1998,10056.0
TOTAL,GWH,UA,1999,6964.0
TOTAL,GWH,UA,2000,2679.0
TOTAL,GWH,UA,2001,2137.0
TOTAL,GWH,UA,2002,5461.0
TOTAL,GWH,UA,2003,7236.0
TOTAL,GWH,UA,2004,2203.0
TOTAL,GWH,UA,2005,1715.0
TOTAL,GWH,UA,2006,2082.0
TOTAL,GWH,UA,2007,3383.0
TOTAL,GWH,UA,2008,2101.0
TOTAL,GWH,UA,2009,25.0
TOTAL,GWH,UA,2010,23.0
TOTAL,GWH,UA,2011,32.0
TOTAL,GWH,UA,2012,89.0
TOTAL,GWH,UA,2013,39.0
TOTAL,GWH,UA,2014,89.0
TOTAL,GWH,UA,2015,2241.0
TOTAL,GWH,UA,2016,77.0
TOTAL,GWH,UA,2017,50.0
TOTAL,GWH,UA,2018,32.0
TOTAL,GWH,UA,2019,2238.0
TOTAL,GWH,UA,2020,2719.8
TOTAL,GWH,UK,1990,11990.0
TOTAL,GWH,UK,1991,16422.0
TOTAL,GWH,UK,1992,16725.0
TOTAL,GWH,UK,1993,16721.0
TOTAL,GWH,UK,1994,16887.0
TOTAL,GWH,UK,1995,16336.0
TOTAL,GWH,UK,1996,16792.0
TOTAL,GWH,UK,1997,16615.0
TOTAL,GWH,UK,1998,12839.0
TOTAL,GWH,UK,1999,14507.0
TOTAL,GWH,UK,2000,14308.0
TOTAL,GWH,UK,2001,10663.0
TOTAL,GWH,UK,2002,9182.0
TOTAL,GWH,UK,2003,5119.0
TOTAL,GWH,UK,2004,9784.0
TOTAL,GWH,UK,2005,11160.0
TOTAL,GWH,UK,2006,10282.0
TOTAL,GWH,UK,2007,8613.0
TOTAL,GWH,UK,2008,12294.0
TOTAL,GWH,UK,2009,6609.0
TOTAL,GWH,UK,2010,7143.0
TOTAL,GWH,UK,2011,8690.0
TOTAL,GWH,UK,2012,13775.0
TOTAL,GWH,UK,2013,17532.0
TOTAL,GWH,UK,2014,23244.0
TOTAL,GWH,UK,2015,22960.871
TOTAL,GWH,UK,2016,20017.923
TOTAL,GWH,UK,2017,18166.98
TOTAL,GWH,UK,2018,21332.415
TOTAL,GWH,UK,2019,24555.587
TOTAL,GWH,XK,2000,530.0
TOTAL,GWH,XK,2001,670.0
TOTAL,GWH,XK,2002,666.0
TOTAL,GWH,XK,2003,651.0
TOTAL,GWH,XK,2004,651.0
TOTAL,GWH,XK,2005,491.0
TOTAL,GWH,XK,2006,538.0
TOTAL,GWH,XK,2007,591.0
TOTAL,GWH,XK,2008,708.0
TOTAL,GWH,XK,2009,768.0
TOTAL,GWH,XK,2010,819.0
TOTAL,GWH,XK,2011,3135.0
TOTAL,GWH,XK,2012,2773.0
TOTAL,GWH,XK,2013,2551.0
TOTAL,GWH,XK,2014,966.0
TOTAL,GWH,XK,2015,684.0
TOTAL,GWH,XK,2016,557.0
TOTAL,GWH,XK,2017,1242.225
TOTAL,GWH,XK,2018,825.182
TOTAL,GWH,XK,2019,928.492
TOTAL,GWH,XK,2020,965.632
TOTAL,GWH,XK,2021,3336.095
